seed,query_index,query_id,affected_by_drift,old_policy_correct,old_policy_action,adapted_policy_correct,adapted_policy_action,full_retrain_policy_correct,full_retrain_policy_action
1,0,doc-q-000,False,1,0,1,0,1,0
1,1,doc-q-001,True,0,0,1,1,1,1
1,2,doc-q-002,True,0,0,1,1,1,1
1,3,doc-q-003,False,1,0,1,1,1,1
1,4,doc-q-004,True,0,0,1,1,1,1
1,5,doc-q-005,True,0,0,1,1,1,1
1,6,doc-q-006,True,0,0,1,1,1,1
1,7,doc-q-007,True,0,0,1,1,1,1
1,8,doc-q-008,True,0,0,1,1,1,1
1,9,doc-q-009,True,0,0,1,1,1,1
1,10,doc-q-010,True,0,0,1,1,1,1
1,11,doc-q-011,True,0,0,1,1,1,1
1,12,doc-q-012,False,1,0,1,0,1,0
1,13,doc-q-013,False,1,0,1,1,1,1
1,14,doc-q-014,True,0,0,1,1,1,1
1,15,doc-q-015,True,0,0,1,1,1,1
1,16,doc-q-016,True,0,0,1,1,1,1
1,17,doc-q-017,True,0,0,1,1,1,1
1,18,doc-q-018,False,1,0,1,1,1,1
1,19,doc-q-019,True,0,0,1,1,1,1
1,20,doc-q-020,True,0,0,1,1,1,1
1,21,doc-q-021,True,0,0,1,1,1,1
1,22,doc-q-022,True,0,0,1,1,1,1
1,23,doc-q-023,True,0,0,1,1,1,1
1,24,doc-q-024,False,1,0,1,1,1,1
1,25,doc-q-025,True,0,0,1,1,1,1
1,26,doc-q-026,True,0,0,0,0,0,0
1,27,doc-q-027,True,0,0,1,1,1,1
1,28,doc-q-028,False,1,0,1,1,1,1
1,29,doc-q-029,False,1,0,1,1,1,1
1,30,doc-q-030,False,1,0,0,1,0,1
1,31,doc-q-031,True,0,0,1,1,1,1
1,32,doc-q-032,True,0,0,1,1,1,1
1,33,doc-q-033,False,1,0,1,0,1,0
1,34,doc-q-034,False,1,0,1,0,1,0
1,35,doc-q-035,True,0,0,1,1,1,1
1,36,doc-q-036,False,1,0,1,0,1,0
1,37,doc-q-037,False,1,0,1,0,1,0
1,38,doc-q-038,True,0,0,1,1,1,1
1,39,doc-q-039,False,1,0,1,0,1,0
1,40,doc-q-040,False,1,0,1,0,1,0
1,41,doc-q-041,True,0,0,1,1,1,1
1,42,doc-q-042,False,1,0,1,0,1,0
1,43,doc-q-043,False,1,0,1,0,1,0
1,44,doc-q-044,True,0,0,1,1,1,1
1,45,doc-q-045,False,1,0,1,0,1,0
1,46,doc-q-046,False,1,0,1,0,1,0
1,47,doc-q-047,True,0,0,1,1,1,1
1,48,doc-q-048,False,1,0,1,0,1,0
1,49,doc-q-049,True,0,0,1,1,1,1
1,50,doc-q-050,True,0,0,1,1,1,1
1,51,doc-q-051,True,0,0,1,1,1,1
1,52,doc-q-052,False,1,0,1,1,1,1
1,53,doc-q-053,False,1,0,1,0,0,1
1,54,doc-q-054,False,1,0,1,0,1,0
1,55,doc-q-055,False,1,0,1,0,1,0
1,56,doc-q-056,False,1,0,1,1,1,1
1,57,doc-q-057,False,1,0,1,1,1,1
1,58,doc-q-058,True,0,0,1,1,1,1
1,59,doc-q-059,False,1,0,1,1,1,1
1,60,doc-q-060,True,0,0,0,1,0,1
1,61,doc-q-061,False,1,0,0,1,1,0
1,62,doc-q-062,False,1,0,1,1,1,1
1,63,doc-q-063,False,1,0,1,1,1,0
1,64,doc-q-064,True,0,0,1,1,1,1
1,65,doc-q-065,False,1,0,1,1,1,1
1,66,doc-q-066,False,1,0,1,1,1,1
1,67,doc-q-067,False,1,0,1,1,1,1
1,68,doc-q-068,False,1,0,1,1,1,1
1,69,doc-q-069,False,1,0,1,1,1,1
1,70,doc-q-070,False,1,0,1,1,1,1
1,71,doc-q-071,False,1,0,1,1,1,1
1,72,doc-q-072,False,1,0,1,1,1,1
1,73,doc-q-073,False,1,0,1,1,1,1
1,74,doc-q-074,False,1,0,1,0,1,0
1,75,doc-q-075,True,0,0,1,1,1,1
1,76,doc-q-076,True,0,0,1,1,1,1
1,77,doc-q-077,True,0,0,1,1,1,1
1,78,doc-q-078,True,0,0,1,1,1,1
1,79,doc-q-079,True,0,0,1,1,1,1
1,80,doc-q-080,True,0,0,1,1,1,1
1,81,doc-q-081,True,0,0,1,1,1,1
1,82,doc-q-082,True,0,0,1,1,1,1
1,83,doc-q-083,True,0,0,1,1,1,1
1,84,doc-q-084,True,0,0,0,1,0,1
1,85,doc-q-085,True,0,0,1,1,1,1
1,86,doc-q-086,True,0,0,1,1,1,1
1,87,doc-q-087,True,0,0,1,1,1,1
1,88,doc-q-088,False,1,0,1,0,1,0
1,89,doc-q-089,False,1,0,1,0,1,0
1,90,doc-q-090,False,1,0,1,0,1,0
1,91,doc-q-091,False,1,0,1,1,1,1
1,92,doc-q-092,True,0,0,1,1,1,1
1,93,doc-q-093,False,1,0,1,0,0,1
1,94,doc-q-094,False,1,0,1,0,1,0
1,95,doc-q-095,False,1,0,0,1,0,1
1,96,doc-q-096,True,0,0,1,1,1,1
1,97,doc-q-097,False,1,0,1,1,1,1
1,98,doc-q-098,False,1,0,1,0,1,1
1,99,doc-q-099,False,1,0,1,0,1,0
1,100,doc-q-100,True,0,0,0,1,0,1
1,101,doc-q-101,True,0,0,0,1,0,1
1,102,doc-q-102,True,0,0,0,1,0,1
1,103,doc-q-103,True,0,0,0,1,0,1
1,104,doc-q-104,False,1,0,1,0,1,0
1,105,doc-q-105,True,0,0,1,1,1,1
1,106,doc-q-106,False,1,0,1,0,1,0
1,107,doc-q-107,True,0,0,1,1,1,1
1,108,doc-q-108,False,1,0,1,1,1,1
1,109,doc-q-109,True,0,0,1,1,1,1
1,110,doc-q-110,False,1,0,1,1,1,1
1,111,doc-q-111,True,0,0,0,1,0,1
1,112,doc-q-112,False,1,0,1,1,1,1
1,113,doc-q-113,False,1,0,1,1,1,1
1,114,doc-q-114,False,1,0,1,1,1,1
1,115,doc-q-115,True,0,0,1,1,1,1
1,116,doc-q-116,False,1,0,1,0,1,1
1,117,doc-q-117,False,1,0,1,0,1,0
1,118,doc-q-118,True,0,0,1,1,1,1
1,119,doc-q-119,False,1,0,0,1,0,1
1,120,doc-q-120,True,0,0,1,1,1,1
1,121,doc-q-121,False,1,0,0,1,0,1
1,122,doc-q-122,True,0,0,1,1,1,1
1,123,doc-q-123,False,1,0,0,1,0,1
1,124,doc-q-124,True,0,0,1,1,1,1
1,125,doc-q-125,False,1,0,0,1,0,1
1,126,doc-q-126,True,0,0,1,1,1,1
1,127,doc-q-127,False,1,0,1,0,1,0
1,128,doc-q-128,True,0,0,1,1,1,1
1,129,doc-q-129,True,0,0,1,1,1,1
1,130,doc-q-130,False,1,0,1,0,1,0
1,131,doc-q-131,False,1,0,1,1,1,1
1,132,doc-q-132,True,0,0,1,1,1,1
1,133,doc-q-133,False,1,0,1,0,1,0
1,134,doc-q-134,True,0,0,0,0,0,1
1,135,doc-q-135,False,1,0,1,1,1,0
1,136,doc-q-136,True,0,0,1,1,1,1
1,137,doc-q-137,True,0,0,1,1,1,1
1,138,doc-q-138,False,1,0,1,1,1,1
1,139,doc-q-139,False,1,0,1,1,1,1
1,140,doc-q-140,False,1,0,1,0,1,0
1,141,doc-q-141,True,0,0,1,1,1,1
1,142,doc-q-142,True,0,0,1,1,1,1
1,143,doc-q-143,False,1,0,1,1,1,1
1,144,doc-q-144,False,1,0,1,0,1,0
1,145,doc-q-145,False,1,0,1,0,1,0
1,146,doc-q-146,True,0,0,1,1,1,1
1,147,doc-q-147,True,0,0,1,1,1,1
1,148,doc-q-148,True,0,0,1,1,1,1
1,149,doc-q-149,False,1,0,1,1,1,1
1,150,doc-q-150,False,1,0,1,0,1,0
1,151,doc-q-151,False,1,0,1,0,1,1
1,152,doc-q-152,True,0,0,1,1,1,1
1,153,doc-q-153,True,1,1,1,1,1,1
1,154,doc-q-154,True,0,0,1,1,1,1
1,155,doc-q-155,True,0,0,1,1,1,1
1,156,doc-q-156,False,1,1,1,1,1,1
